variable,chi_square,p_value,cramers_v,significant,significant_bonferroni
department,1855.9637405299802,0.0,0.24872767843098204,True,True
cost_center_type,1840.9158094171376,0.0,0.24771729918175797,True,True
team_wind_down,8573.006627512368,0.0,0.5345716861036933,True,True
is_recent_hire,116.61957776162822,3.477662224464326e-27,0.06234837013684432,True,True
on_pip,401.0738576621664,3.21491957868849e-89,0.11562494795129155,True,True
mgmt_layer,91.58121132391491,1.298352558246395e-20,0.05525130807619397,True,True
level,25.04082529494249,4.936780553420224e-05,0.02889107433963097,True,True
high_salary,53.544147810814906,2.5284649356114647e-13,0.042246951689171176,True,True
remote,0.4863888171174786,0.4855426079043371,0.004026532077431226,False,False
role_redundant,329.88545087649015,1.0179731485077536e-73,0.10486268018643718,True,True
