feature,importance
 Salary K Usd,0.2815465584078465
 Tenure Years,0.2699128071714802
 Performance Rating,0.2199509944143734
 Cost Center Type Revenue,0.0348951090985399
 Remote,0.0270842187237526
 Cost Center Type Cost Center,0.0233321990758873
 On Pip,0.0146151436371443
 Department Engineering,0.0110089689767936
 Level Senior,0.0095787942268657
 Level Mid,0.0090524230625121
 Mgmt Layer Ic,0.0088384201318908
 High Salary,0.0080582098135722
 Mgmt Layer Manager,0.0075203428967193
 Department Research,0.006838658676684
 Is Recent Hire,0.0067789143045
 Department Sales,0.0065444396242629
 Level Junior,0.006469685021844
 Cost Center Type Support,0.0061587962009641
 Level Staff,0.0060908028186661
 Department Product,0.0056861635586472
 Mgmt Layer Director,0.0054652311653016
 Department Recruiting,0.0051988406889875
 Department G And A,0.0046467252898729
 Level Lead,0.0042918505479286
 Department Data,0.0039017105489772
 Department Marketing,0.0033488332551829
 Department Support,0.003185158660802
